sample_delay_us,air_mV
1.299999999999999822e+01,8.533749999999999147e+01
1.309999999999999964e+01,8.533749999999999147e+01
1.319999999999999929e+01,6.349109999999999587e+01
1.329999999999999893e+01,6.349109999999999587e+01
1.340000000000000036e+01,4.574089999999999634e+01
1.349999999999999822e+01,4.505819999999999936e+01
1.359999999999999964e+01,3.140419999999999945e+01
1.369999999999999929e+01,3.140419999999999945e+01
1.379999999999999893e+01,1.843290000000000006e+01
1.389999999999999858e+01,1.843290000000000006e+01
1.400000000000000000e+01,8.875099999999997991e+00
1.409999999999999787e+01,8.875099999999997991e+00
1.419999999999999929e+01,1.365399999999999947e+00
1.429999999999999893e+01,2.048099999999999810e+00
1.439999999999999858e+01,-4.778900000000000148e+00
1.450000000000000000e+01,-4.096199999999999619e+00
1.459999999999999787e+01,-8.192399999999999238e+00
1.469999999999999929e+01,-8.192399999999999238e+00
1.479999999999999893e+01,-1.092319999999999958e+01
1.489999999999999858e+01,-1.092319999999999958e+01
1.500000000000000000e+01,-1.297129999999999939e+01
1.509999999999999787e+01,-1.160589999999999833e+01
1.519999999999999929e+01,-1.365399999999999991e+01
1.529999999999999893e+01,-1.297129999999999939e+01
1.539999999999999858e+01,-2.321179999999999666e+01
1.549999999999999822e+01,-3.072149999999999892e+01
1.559999999999999964e+01,1.160589999999999833e+01
1.569999999999999929e+01,-1.638479999999999848e+01
1.579999999999999893e+01,-1.092319999999999958e+01
1.589999999999999858e+01,-1.365399999999999991e+01
1.600000000000000000e+01,-1.160589999999999833e+01
1.609999999999999787e+01,-1.228859999999999886e+01
1.619999999999999929e+01,-1.024049999999999905e+01
1.629999999999999716e+01,-1.092319999999999958e+01
1.639999999999999858e+01,-8.875099999999997991e+00
1.650000000000000000e+01,-9.557800000000000296e+00
1.659999999999999787e+01,-7.509699999999999598e+00
1.669999999999999929e+01,-8.192399999999999238e+00
1.680000000000000071e+01,-6.144299999999999429e+00
1.689999999999999858e+01,-6.826999999999999957e+00
1.699999999999999645e+01,-4.778900000000000148e+00
1.710000000000000142e+01,-5.461599999999999788e+00
1.719999999999999929e+01,-3.413499999999999979e+00
1.729999999999999716e+01,-4.778900000000000148e+00
1.739999999999999858e+01,-2.730799999999999894e+00
1.750000000000000000e+01,-2.730799999999999894e+00
1.759999999999999787e+01,-1.365399999999999947e+00
1.769999999999999574e+01,-2.048099999999999810e+00
1.780000000000000071e+01,0.000000000000000000e+00
1.789999999999999858e+01,0.000000000000000000e+00
1.800000000000000000e+01,1.365399999999999947e+00
1.810000000000000142e+01,6.826999999999999735e-01
1.819999999999999929e+01,2.048099999999999810e+00
1.829999999999999716e+01,1.365399999999999947e+00
1.839999999999999858e+01,3.413499999999999979e+00
1.850000000000000000e+01,2.048099999999999810e+00
1.859999999999999787e+01,3.413499999999999979e+00
1.869999999999999929e+01,3.413499999999999979e+00
1.879999999999999716e+01,4.778900000000000148e+00
1.889999999999999858e+01,3.413499999999999979e+00
1.900000000000000000e+01,5.461599999999999788e+00
1.909999999999999787e+01,4.778900000000000148e+00
1.919999999999999929e+01,6.144299999999999429e+00
1.930000000000000071e+01,5.461599999999999788e+00
1.939999999999999858e+01,6.826999999999999957e+00
1.949999999999999645e+01,7.509699999999999598e+00
1.960000000000000142e+01,5.461599999999999788e+00
1.969999999999999929e+01,7.509699999999999598e+00
1.979999999999999716e+01,6.144299999999999429e+00
1.989999999999999858e+01,6.826999999999999957e+00
2.000000000000000000e+01,8.192399999999999238e+00
2.009999999999999787e+01,8.192399999999999238e+00
2.019999999999999574e+01,6.826999999999999957e+00
2.030000000000000071e+01,7.509699999999999598e+00
2.039999999999999858e+01,8.875099999999997991e+00
2.050000000000000000e+01,9.557800000000000296e+00
2.060000000000000142e+01,7.509699999999999598e+00
2.069999999999999929e+01,9.557800000000000296e+00
2.079999999999999716e+01,7.509699999999999598e+00
2.089999999999999858e+01,9.557800000000000296e+00
2.100000000000000000e+01,8.192399999999999238e+00
2.109999999999999787e+01,8.875099999999997991e+00
2.119999999999999574e+01,1.024049999999999905e+01
2.129999999999999716e+01,8.192399999999999238e+00
2.139999999999999858e+01,1.024049999999999905e+01
2.150000000000000000e+01,1.024049999999999905e+01
2.159999999999999787e+01,9.557800000000000296e+00
2.169999999999999929e+01,9.557800000000000296e+00
2.179999999999999716e+01,1.024049999999999905e+01
2.189999999999999858e+01,9.557800000000000296e+00
2.199999999999999645e+01,1.092319999999999958e+01
2.210000000000000142e+01,8.875099999999997991e+00
2.219999999999999929e+01,1.092319999999999958e+01
2.229999999999999716e+01,1.160589999999999833e+01
2.239999999999999858e+01,9.557800000000000296e+00
2.250000000000000000e+01,9.557800000000000296e+00
2.259999999999999787e+01,1.092319999999999958e+01
2.269999999999999574e+01,1.024049999999999905e+01
2.280000000000000071e+01,1.160589999999999833e+01
2.289999999999999858e+01,1.160589999999999833e+01
2.299999999999999645e+01,1.024049999999999905e+01
2.310000000000000142e+01,1.092319999999999958e+01
2.319999999999999929e+01,1.160589999999999833e+01
2.329999999999999716e+01,1.024049999999999905e+01
2.339999999999999858e+01,1.228859999999999886e+01
2.350000000000000000e+01,1.228859999999999886e+01
2.359999999999999787e+01,1.024049999999999905e+01
2.369999999999999574e+01,1.092319999999999958e+01
2.380000000000000071e+01,1.228859999999999886e+01
2.389999999999999858e+01,1.092319999999999958e+01
2.400000000000000000e+01,1.228859999999999886e+01
2.409999999999999787e+01,1.297129999999999939e+01
2.419999999999999929e+01,1.092319999999999958e+01
2.429999999999999716e+01,1.092319999999999958e+01
2.439999999999999858e+01,1.297129999999999939e+01
2.450000000000000000e+01,1.160589999999999833e+01
2.460000000000000142e+01,1.365399999999999991e+01
2.469999999999999574e+01,1.228859999999999886e+01
2.479999999999999716e+01,1.297129999999999939e+01
2.489999999999999858e+01,1.365399999999999991e+01
2.500000000000000000e+01,1.228859999999999886e+01
2.509999999999999787e+01,1.228859999999999886e+01
2.519999999999999574e+01,1.365399999999999991e+01
2.529999999999999716e+01,1.365399999999999991e+01
2.539999999999999858e+01,1.228859999999999886e+01
2.550000000000000000e+01,1.433669999999999867e+01
2.560000000000000142e+01,1.228859999999999886e+01
2.569999999999999929e+01,1.228859999999999886e+01
2.579999999999999716e+01,1.365399999999999991e+01
2.589999999999999858e+01,1.433669999999999867e+01
2.600000000000000000e+01,1.297129999999999939e+01
2.609999999999999787e+01,1.297129999999999939e+01
2.619999999999999574e+01,1.365399999999999991e+01
2.630000000000000071e+01,1.501939999999999920e+01
2.639999999999999858e+01,1.228859999999999886e+01
2.650000000000000000e+01,1.501939999999999920e+01
2.659999999999999787e+01,1.297129999999999939e+01
2.669999999999999929e+01,1.501939999999999920e+01
2.679999999999999716e+01,1.297129999999999939e+01
2.689999999999999858e+01,1.433669999999999867e+01
2.700000000000000000e+01,1.297129999999999939e+01
2.710000000000000142e+01,1.433669999999999867e+01
2.719999999999999574e+01,1.297129999999999939e+01
2.729999999999999716e+01,1.365399999999999991e+01
2.739999999999999858e+01,1.501939999999999920e+01
2.750000000000000000e+01,1.365399999999999991e+01
2.759999999999999787e+01,1.501939999999999920e+01
2.769999999999999574e+01,1.365399999999999991e+01
2.779999999999999716e+01,1.501939999999999920e+01
2.789999999999999858e+01,1.501939999999999920e+01
2.799999999999999645e+01,1.433669999999999867e+01
2.810000000000000142e+01,1.433669999999999867e+01
2.819999999999999929e+01,1.570209999999999972e+01
2.829999999999999716e+01,1.501939999999999920e+01
2.839999999999999858e+01,1.433669999999999867e+01
2.850000000000000000e+01,1.433669999999999867e+01
2.859999999999999787e+01,1.570209999999999972e+01
2.869999999999999574e+01,1.433669999999999867e+01
2.879999999999999716e+01,1.570209999999999972e+01
2.889999999999999858e+01,1.570209999999999972e+01
2.900000000000000000e+01,1.433669999999999867e+01
2.909999999999999432e+01,1.570209999999999972e+01
2.919999999999999929e+01,1.433669999999999867e+01
2.929999999999999716e+01,1.501939999999999920e+01
2.939999999999999858e+01,1.570209999999999972e+01
2.950000000000000000e+01,1.638479999999999848e+01
2.960000000000000142e+01,1.501939999999999920e+01
2.969999999999999574e+01,1.501939999999999920e+01
2.979999999999999716e+01,1.638479999999999848e+01
2.989999999999999858e+01,1.501939999999999920e+01
3.000000000000000000e+01,1.638479999999999848e+01
3.009999999999999787e+01,1.638479999999999848e+01
3.019999999999999929e+01,1.433669999999999867e+01
3.029999999999999716e+01,1.433669999999999867e+01
3.039999999999999858e+01,1.638479999999999848e+01
3.049999999999999645e+01,1.638479999999999848e+01
3.060000000000000142e+01,1.433669999999999867e+01
3.069999999999999929e+01,1.638479999999999848e+01
3.079999999999999716e+01,1.501939999999999920e+01
3.090000000000000213e+01,1.501939999999999920e+01
3.099999999999999645e+01,1.638479999999999848e+01
3.110000000000000142e+01,1.501939999999999920e+01
3.120000000000000284e+01,1.638479999999999848e+01
3.129999999999999716e+01,1.501939999999999920e+01
3.139999999999999858e+01,1.706749999999999901e+01
3.150000000000000355e+01,1.501939999999999920e+01
3.159999999999999787e+01,1.638479999999999848e+01
3.169999999999999929e+01,1.501939999999999920e+01
3.180000000000000426e+01,1.706749999999999901e+01
3.189999999999999858e+01,1.706749999999999901e+01
3.200000000000000000e+01,1.501939999999999920e+01
3.209999999999999432e+01,1.706749999999999901e+01
3.220000000000000284e+01,1.570209999999999972e+01
3.229999999999999716e+01,1.501939999999999920e+01
3.239999999999999858e+01,1.706749999999999901e+01
3.250000000000000000e+01,1.570209999999999972e+01
3.260000000000000142e+01,1.706749999999999901e+01
3.270000000000000284e+01,1.501939999999999920e+01
3.279999999999999716e+01,1.706749999999999901e+01
3.290000000000000568e+01,1.501939999999999920e+01
3.300000000000000000e+01,1.638479999999999848e+01
3.310000000000000142e+01,1.706749999999999901e+01
3.319999999999999574e+01,1.501939999999999920e+01
3.329999999999999716e+01,1.501939999999999920e+01
3.340000000000000568e+01,1.706749999999999901e+01
3.350000000000000000e+01,1.638479999999999848e+01
3.359999999999999432e+01,1.501939999999999920e+01
3.370000000000000284e+01,1.433669999999999867e+01
3.379999999999999716e+01,1.706749999999999901e+01
3.389999999999999858e+01,1.501939999999999920e+01
3.400000000000000000e+01,1.638479999999999848e+01
3.409999999999999432e+01,1.501939999999999920e+01
3.420000000000000284e+01,1.706749999999999901e+01
3.430000000000000426e+01,1.706749999999999901e+01
3.439999999999999858e+01,1.501939999999999920e+01
3.450000000000000000e+01,1.706749999999999901e+01
3.459999999999999432e+01,1.501939999999999920e+01
3.470000000000000284e+01,1.501939999999999920e+01
3.479999999999999716e+01,1.638479999999999848e+01
3.489999999999999858e+01,1.638479999999999848e+01
3.500000000000000000e+01,1.433669999999999867e+01
3.510000000000000142e+01,1.638479999999999848e+01
3.520000000000000284e+01,1.433669999999999867e+01
3.529999999999999716e+01,1.570209999999999972e+01
3.540000000000000568e+01,1.501939999999999920e+01
3.550000000000000000e+01,1.570209999999999972e+01
3.560000000000000142e+01,1.433669999999999867e+01
3.570000000000000284e+01,1.638479999999999848e+01
3.579999999999999716e+01,1.501939999999999920e+01
3.590000000000000568e+01,1.638479999999999848e+01
3.600000000000000000e+01,1.433669999999999867e+01
3.609999999999999432e+01,1.433669999999999867e+01
3.620000000000000284e+01,1.638479999999999848e+01
3.629999999999999716e+01,1.570209999999999972e+01
3.639999999999999858e+01,1.501939999999999920e+01
3.650000000000000000e+01,1.638479999999999848e+01
3.659999999999999432e+01,1.433669999999999867e+01
3.670000000000000284e+01,1.433669999999999867e+01
3.680000000000000426e+01,1.638479999999999848e+01
3.689999999999999858e+01,1.433669999999999867e+01
3.700000000000000000e+01,1.570209999999999972e+01
3.709999999999999432e+01,1.570209999999999972e+01
3.720000000000000284e+01,1.433669999999999867e+01
3.729999999999999716e+01,1.433669999999999867e+01
3.739999999999999858e+01,1.570209999999999972e+01
3.750000000000000000e+01,1.501939999999999920e+01
3.760000000000000142e+01,1.638479999999999848e+01
3.769999999999999574e+01,1.501939999999999920e+01
3.779999999999999716e+01,1.638479999999999848e+01
3.790000000000000568e+01,1.501939999999999920e+01
3.800000000000000000e+01,1.638479999999999848e+01
3.810000000000000142e+01,1.570209999999999972e+01
3.820000000000000284e+01,1.501939999999999920e+01
3.829999999999999716e+01,1.638479999999999848e+01
3.840000000000000568e+01,1.501939999999999920e+01
3.850000000000000000e+01,1.501939999999999920e+01
3.859999999999999432e+01,1.638479999999999848e+01
3.870000000000000284e+01,1.501939999999999920e+01
3.879999999999999716e+01,1.706749999999999901e+01
3.889999999999999858e+01,1.638479999999999848e+01
3.900000000000000000e+01,1.501939999999999920e+01
3.909999999999999432e+01,1.706749999999999901e+01
3.920000000000000284e+01,1.570209999999999972e+01
3.930000000000000426e+01,1.638479999999999848e+01
3.939999999999999858e+01,1.501939999999999920e+01
3.950000000000000000e+01,1.706749999999999901e+01
3.959999999999999432e+01,1.501939999999999920e+01
3.970000000000000284e+01,1.501939999999999920e+01
3.979999999999999716e+01,1.706749999999999901e+01
3.989999999999999147e+01,1.706749999999999901e+01
4.000000000000000000e+01,1.501939999999999920e+01
4.010000000000000142e+01,1.706749999999999901e+01
4.019999999999999574e+01,1.501939999999999920e+01
4.029999999999999716e+01,1.501939999999999920e+01
4.040000000000000568e+01,1.638479999999999848e+01
4.050000000000000000e+01,1.501939999999999920e+01
4.060000000000000142e+01,1.706749999999999901e+01
4.070000000000000284e+01,1.570209999999999972e+01
4.079999999999999716e+01,1.706749999999999901e+01
4.090000000000000568e+01,1.706749999999999901e+01
4.100000000000000000e+01,1.501939999999999920e+01
4.109999999999999432e+01,1.570209999999999972e+01
4.120000000000000284e+01,1.638479999999999848e+01
4.129999999999999716e+01,1.501939999999999920e+01
4.139999999999999858e+01,1.706749999999999901e+01
4.150000000000000000e+01,1.638479999999999848e+01
4.159999999999999432e+01,1.501939999999999920e+01
4.170000000000000284e+01,1.501939999999999920e+01
4.179999999999999716e+01,1.638479999999999848e+01
4.189999999999999858e+01,1.638479999999999848e+01
4.200000000000000000e+01,1.501939999999999920e+01
4.209999999999999432e+01,1.638479999999999848e+01
4.220000000000000284e+01,1.501939999999999920e+01
4.229999999999999716e+01,1.501939999999999920e+01
4.239999999999999147e+01,1.638479999999999848e+01
4.250000000000000000e+01,1.638479999999999848e+01
4.260000000000000142e+01,1.501939999999999920e+01
4.269999999999999574e+01,1.501939999999999920e+01
4.279999999999999716e+01,1.570209999999999972e+01
4.290000000000000568e+01,1.433669999999999867e+01
4.300000000000000000e+01,1.638479999999999848e+01
4.310000000000000142e+01,1.365399999999999991e+01
4.320000000000000284e+01,1.638479999999999848e+01
4.329999999999999716e+01,1.638479999999999848e+01
4.340000000000000568e+01,1.433669999999999867e+01
4.350000000000000000e+01,1.570209999999999972e+01
4.359999999999999432e+01,1.365399999999999991e+01
4.370000000000000284e+01,1.638479999999999848e+01
4.379999999999999716e+01,1.433669999999999867e+01
4.389999999999999858e+01,1.638479999999999848e+01
4.400000000000000000e+01,1.433669999999999867e+01
4.409999999999999432e+01,1.433669999999999867e+01
4.420000000000000284e+01,1.570209999999999972e+01
4.429999999999999716e+01,1.433669999999999867e+01
4.439999999999999858e+01,1.638479999999999848e+01
4.450000000000000000e+01,1.433669999999999867e+01
4.460000000000000142e+01,1.570209999999999972e+01
4.470000000000000284e+01,1.433669999999999867e+01
4.479999999999999716e+01,1.638479999999999848e+01
4.489999999999999147e+01,1.638479999999999848e+01
4.500000000000000000e+01,1.365399999999999991e+01
4.510000000000000142e+01,1.433669999999999867e+01
4.519999999999999574e+01,1.570209999999999972e+01
4.529999999999999716e+01,1.570209999999999972e+01
4.540000000000000568e+01,1.433669999999999867e+01
4.550000000000000000e+01,1.570209999999999972e+01
4.560000000000000142e+01,1.501939999999999920e+01
4.570000000000000284e+01,1.433669999999999867e+01
4.579999999999999716e+01,1.638479999999999848e+01
4.589999999999999858e+01,1.638479999999999848e+01
4.600000000000000000e+01,1.433669999999999867e+01
4.609999999999999432e+01,1.570209999999999972e+01
4.620000000000000284e+01,1.501939999999999920e+01
4.629999999999999716e+01,1.501939999999999920e+01
4.639999999999999858e+01,1.638479999999999848e+01
4.650000000000000000e+01,1.433669999999999867e+01
4.659999999999999432e+01,1.638479999999999848e+01
4.670000000000000284e+01,1.433669999999999867e+01
4.679999999999999716e+01,1.638479999999999848e+01
4.689999999999999858e+01,1.638479999999999848e+01
4.700000000000000000e+01,1.501939999999999920e+01
4.710000000000000142e+01,1.433669999999999867e+01
4.720000000000000284e+01,1.706749999999999901e+01
4.729999999999999716e+01,1.638479999999999848e+01
4.739999999999999147e+01,1.501939999999999920e+01
4.750000000000000000e+01,1.433669999999999867e+01
4.760000000000000142e+01,1.638479999999999848e+01
4.769999999999999574e+01,1.501939999999999920e+01
4.779999999999999716e+01,1.638479999999999848e+01
4.789999999999999858e+01,1.638479999999999848e+01
4.800000000000000000e+01,1.501939999999999920e+01
4.810000000000000142e+01,1.501939999999999920e+01
4.820000000000000284e+01,1.638479999999999848e+01
4.829999999999999716e+01,1.501939999999999920e+01
4.839999999999999858e+01,1.638479999999999848e+01
4.850000000000000000e+01,1.638479999999999848e+01
4.860000000000000142e+01,1.501939999999999920e+01
4.870000000000000284e+01,1.433669999999999867e+01
4.879999999999999716e+01,1.775019999999999598e+01
4.889999999999999858e+01,1.433669999999999867e+01
4.900000000000000000e+01,1.706749999999999901e+01
4.909999999999999432e+01,1.501939999999999920e+01
4.919999999999999574e+01,1.638479999999999848e+01
4.930000000000000426e+01,1.570209999999999972e+01
4.939999999999999858e+01,1.501939999999999920e+01
4.950000000000000000e+01,1.433669999999999867e+01
4.960000000000000142e+01,1.638479999999999848e+01
4.969999999999999574e+01,1.501939999999999920e+01
4.979999999999999716e+01,1.638479999999999848e+01
4.989999999999999858e+01,1.638479999999999848e+01
5.000000000000000000e+01,1.501939999999999920e+01
5.010000000000000142e+01,1.638479999999999848e+01
5.019999999999999574e+01,1.501939999999999920e+01
5.029999999999999716e+01,1.570209999999999972e+01
5.039999999999999858e+01,1.433669999999999867e+01
5.050000000000000000e+01,1.638479999999999848e+01
5.060000000000000142e+01,1.433669999999999867e+01
5.070000000000000284e+01,1.501939999999999920e+01
5.079999999999999716e+01,1.638479999999999848e+01
5.089999999999999858e+01,1.638479999999999848e+01
5.100000000000000000e+01,1.433669999999999867e+01
5.110000000000000142e+01,1.706749999999999901e+01
5.120000000000000284e+01,1.433669999999999867e+01
5.129999999999999716e+01,1.638479999999999848e+01
5.139999999999999858e+01,1.501939999999999920e+01
5.150000000000000000e+01,1.501939999999999920e+01
5.159999999999999432e+01,1.638479999999999848e+01
5.169999999999999574e+01,1.501939999999999920e+01
5.180000000000000426e+01,1.638479999999999848e+01
5.189999999999999858e+01,1.501939999999999920e+01
5.200000000000000000e+01,1.638479999999999848e+01
5.210000000000000142e+01,1.638479999999999848e+01
5.219999999999999574e+01,1.501939999999999920e+01
5.229999999999999716e+01,1.638479999999999848e+01
5.239999999999999858e+01,1.501939999999999920e+01
5.250000000000000000e+01,1.433669999999999867e+01
5.260000000000000142e+01,1.706749999999999901e+01
5.269999999999999574e+01,1.501939999999999920e+01
5.279999999999999716e+01,1.638479999999999848e+01
5.289999999999999858e+01,1.433669999999999867e+01
5.300000000000000000e+01,1.638479999999999848e+01
5.310000000000000142e+01,1.501939999999999920e+01
5.320000000000000284e+01,1.638479999999999848e+01
5.329999999999999716e+01,1.570209999999999972e+01
5.339999999999999858e+01,1.501939999999999920e+01
5.350000000000000000e+01,1.638479999999999848e+01
5.359999999999999432e+01,1.501939999999999920e+01
5.370000000000000284e+01,1.501939999999999920e+01
5.379999999999999716e+01,1.570209999999999972e+01
5.389999999999999858e+01,1.638479999999999848e+01
5.400000000000000000e+01,1.501939999999999920e+01
5.409999999999999432e+01,1.638479999999999848e+01
5.419999999999999574e+01,1.433669999999999867e+01
5.430000000000000426e+01,1.570209999999999972e+01
5.439999999999999858e+01,1.501939999999999920e+01
5.450000000000000000e+01,1.638479999999999848e+01
5.460000000000000142e+01,1.501939999999999920e+01
5.469999999999999574e+01,1.638479999999999848e+01
5.479999999999999716e+01,1.501939999999999920e+01
5.489999999999999858e+01,1.433669999999999867e+01
5.500000000000000000e+01,1.638479999999999848e+01
5.510000000000000142e+01,1.433669999999999867e+01
5.519999999999999574e+01,1.638479999999999848e+01
5.529999999999999716e+01,1.501939999999999920e+01
5.539999999999999858e+01,1.570209999999999972e+01
5.550000000000000000e+01,1.638479999999999848e+01
5.560000000000000142e+01,1.501939999999999920e+01
5.570000000000000284e+01,1.433669999999999867e+01
5.579999999999999716e+01,1.638479999999999848e+01
5.589999999999999858e+01,1.570209999999999972e+01
5.600000000000000000e+01,1.433669999999999867e+01
5.609999999999999432e+01,1.570209999999999972e+01
5.620000000000000284e+01,1.433669999999999867e+01
5.629999999999999716e+01,1.570209999999999972e+01
5.639999999999999858e+01,1.433669999999999867e+01
5.650000000000000000e+01,1.433669999999999867e+01
5.659999999999999432e+01,1.638479999999999848e+01
5.669999999999999574e+01,1.570209999999999972e+01
5.680000000000000426e+01,1.501939999999999920e+01
5.689999999999999858e+01,1.638479999999999848e+01
5.700000000000000000e+01,1.501939999999999920e+01
5.710000000000000142e+01,1.638479999999999848e+01
5.719999999999999574e+01,1.433669999999999867e+01
5.729999999999999716e+01,1.433669999999999867e+01
5.739999999999999858e+01,1.638479999999999848e+01
5.750000000000000000e+01,1.433669999999999867e+01
5.760000000000000142e+01,1.570209999999999972e+01
5.769999999999999574e+01,1.570209999999999972e+01
5.779999999999999716e+01,1.433669999999999867e+01
5.789999999999999858e+01,1.433669999999999867e+01
5.799999999999999289e+01,1.638479999999999848e+01
5.810000000000000142e+01,1.433669999999999867e+01
5.820000000000000284e+01,1.570209999999999972e+01
5.829999999999999716e+01,1.433669999999999867e+01
5.839999999999999858e+01,1.570209999999999972e+01
5.850000000000000000e+01,1.570209999999999972e+01
5.859999999999999432e+01,1.433669999999999867e+01
5.870000000000000284e+01,1.570209999999999972e+01
5.879999999999999716e+01,1.433669999999999867e+01
5.889999999999999858e+01,1.570209999999999972e+01
5.900000000000000000e+01,1.433669999999999867e+01
5.909999999999999432e+01,1.433669999999999867e+01
5.919999999999999574e+01,1.570209999999999972e+01
5.930000000000000426e+01,1.433669999999999867e+01
5.939999999999999858e+01,1.570209999999999972e+01
5.950000000000000000e+01,1.570209999999999972e+01
5.960000000000000142e+01,1.433669999999999867e+01
5.969999999999999574e+01,1.433669999999999867e+01
5.979999999999999716e+01,1.570209999999999972e+01
5.989999999999999858e+01,1.570209999999999972e+01
6.000000000000000000e+01,1.433669999999999867e+01
6.010000000000000142e+01,1.570209999999999972e+01
6.019999999999999574e+01,1.365399999999999991e+01
6.029999999999999716e+01,1.501939999999999920e+01
6.039999999999999858e+01,1.433669999999999867e+01
6.049999999999999289e+01,1.570209999999999972e+01
6.060000000000000142e+01,1.365399999999999991e+01
6.070000000000000284e+01,1.365399999999999991e+01
6.079999999999999716e+01,1.501939999999999920e+01
6.089999999999999858e+01,1.365399999999999991e+01
6.100000000000000000e+01,1.501939999999999920e+01
6.109999999999999432e+01,1.365399999999999991e+01
6.120000000000000284e+01,1.501939999999999920e+01
6.130000000000000426e+01,1.365399999999999991e+01
6.139999999999999858e+01,1.570209999999999972e+01
6.150000000000000000e+01,1.501939999999999920e+01
6.159999999999999432e+01,1.433669999999999867e+01
6.169999999999999574e+01,1.570209999999999972e+01
6.179999999999999716e+01,1.297129999999999939e+01
6.190000000000000568e+01,1.365399999999999991e+01
6.199999999999999289e+01,1.501939999999999920e+01
6.209999999999999432e+01,1.365399999999999991e+01
6.219999999999999574e+01,1.501939999999999920e+01
6.229999999999999716e+01,1.501939999999999920e+01
6.239999999999999858e+01,1.365399999999999991e+01
6.250000000000000711e+01,1.501939999999999920e+01
6.259999999999999432e+01,1.297129999999999939e+01
6.269999999999999574e+01,1.297129999999999939e+01
6.279999999999999716e+01,1.501939999999999920e+01
6.289999999999999858e+01,1.365399999999999991e+01
6.300000000000000000e+01,1.433669999999999867e+01
6.310000000000000853e+01,1.297129999999999939e+01
6.319999999999999574e+01,1.501939999999999920e+01
6.329999999999999716e+01,1.501939999999999920e+01
6.339999999999999858e+01,1.297129999999999939e+01
6.350000000000000000e+01,1.297129999999999939e+01
6.360000000000000142e+01,1.433669999999999867e+01
6.369999999999999574e+01,1.365399999999999991e+01
6.379999999999999716e+01,1.433669999999999867e+01
6.389999999999999858e+01,1.365399999999999991e+01
6.400000000000000000e+01,1.501939999999999920e+01
6.409999999999999432e+01,1.433669999999999867e+01
6.420000000000000284e+01,1.297129999999999939e+01
6.429999999999998295e+01,1.501939999999999920e+01
6.440000000000000568e+01,1.297129999999999939e+01
6.450000000000000000e+01,1.297129999999999939e+01
6.459999999999999432e+01,1.501939999999999920e+01
6.470000000000000284e+01,1.297129999999999939e+01
6.479999999999998295e+01,1.501939999999999920e+01
6.489999999999999147e+01,1.501939999999999920e+01
6.500000000000000000e+01,1.365399999999999991e+01
6.509999999999999432e+01,1.365399999999999991e+01
6.520000000000000284e+01,1.501939999999999920e+01
6.530000000000001137e+01,1.365399999999999991e+01
6.539999999999999147e+01,1.638479999999999848e+01
6.550000000000000000e+01,1.365399999999999991e+01
6.559999999999999432e+01,1.570209999999999972e+01
6.570000000000000284e+01,1.365399999999999991e+01
6.580000000000001137e+01,1.570209999999999972e+01
6.589999999999999147e+01,1.570209999999999972e+01
6.600000000000000000e+01,1.433669999999999867e+01
6.609999999999999432e+01,1.570209999999999972e+01
6.619999999999998863e+01,1.433669999999999867e+01
6.630000000000001137e+01,1.365399999999999991e+01
6.640000000000000568e+01,1.570209999999999972e+01
6.650000000000000000e+01,1.638479999999999848e+01
6.659999999999999432e+01,1.365399999999999991e+01
6.669999999999998863e+01,1.433669999999999867e+01
6.679999999999999716e+01,1.570209999999999972e+01
6.690000000000000568e+01,1.501939999999999920e+01
6.700000000000000000e+01,1.570209999999999972e+01
6.709999999999999432e+01,1.433669999999999867e+01
6.719999999999998863e+01,1.638479999999999848e+01
6.729999999999999716e+01,1.570209999999999972e+01
6.740000000000000568e+01,1.433669999999999867e+01
6.750000000000000000e+01,1.433669999999999867e+01
6.759999999999999432e+01,1.638479999999999848e+01
6.769999999999998863e+01,1.501939999999999920e+01
6.779999999999999716e+01,1.638479999999999848e+01
6.790000000000000568e+01,1.501939999999999920e+01
6.800000000000000000e+01,1.638479999999999848e+01
6.809999999999999432e+01,1.638479999999999848e+01
6.819999999999998863e+01,1.501939999999999920e+01
6.829999999999999716e+01,1.501939999999999920e+01
6.840000000000000568e+01,1.638479999999999848e+01
6.850000000000000000e+01,1.638479999999999848e+01
6.859999999999999432e+01,1.501939999999999920e+01
6.869999999999998863e+01,1.433669999999999867e+01
6.879999999999999716e+01,1.638479999999999848e+01
6.890000000000000568e+01,1.638479999999999848e+01
6.900000000000000000e+01,1.433669999999999867e+01
6.909999999999999432e+01,1.638479999999999848e+01
6.920000000000000284e+01,1.501939999999999920e+01
6.929999999999998295e+01,1.638479999999999848e+01
6.940000000000000568e+01,1.501939999999999920e+01
6.950000000000000000e+01,1.433669999999999867e+01
6.959999999999999432e+01,1.638479999999999848e+01
6.970000000000000284e+01,1.570209999999999972e+01
6.979999999999998295e+01,1.501939999999999920e+01
6.989999999999999147e+01,1.638479999999999848e+01
7.000000000000000000e+01,1.501939999999999920e+01
7.009999999999999432e+01,1.570209999999999972e+01
7.020000000000000284e+01,1.501939999999999920e+01
7.030000000000001137e+01,1.433669999999999867e+01
7.039999999999999147e+01,1.570209999999999972e+01
7.050000000000000000e+01,1.570209999999999972e+01
7.059999999999999432e+01,1.433669999999999867e+01
7.070000000000000284e+01,1.638479999999999848e+01
7.080000000000001137e+01,1.433669999999999867e+01
7.090000000000000568e+01,1.433669999999999867e+01
7.100000000000000000e+01,1.570209999999999972e+01
7.109999999999999432e+01,1.638479999999999848e+01
7.119999999999998863e+01,1.433669999999999867e+01
7.130000000000001137e+01,1.433669999999999867e+01
7.140000000000000568e+01,1.570209999999999972e+01
7.150000000000000000e+01,1.570209999999999972e+01
7.159999999999999432e+01,1.433669999999999867e+01
7.169999999999998863e+01,1.365399999999999991e+01
7.179999999999999716e+01,1.570209999999999972e+01
7.190000000000000568e+01,1.433669999999999867e+01
7.200000000000000000e+01,1.570209999999999972e+01
7.209999999999999432e+01,1.501939999999999920e+01
7.219999999999998863e+01,1.433669999999999867e+01
7.229999999999999716e+01,1.433669999999999867e+01
7.240000000000000568e+01,1.570209999999999972e+01
7.250000000000000000e+01,1.570209999999999972e+01
7.259999999999999432e+01,1.433669999999999867e+01
7.269999999999998863e+01,1.570209999999999972e+01
7.279999999999999716e+01,1.365399999999999991e+01
7.290000000000000568e+01,1.570209999999999972e+01
7.300000000000000000e+01,1.433669999999999867e+01
7.309999999999999432e+01,1.433669999999999867e+01
7.319999999999998863e+01,1.501939999999999920e+01
7.329999999999999716e+01,1.433669999999999867e+01
7.340000000000000568e+01,1.638479999999999848e+01
7.350000000000000000e+01,1.297129999999999939e+01
7.359999999999999432e+01,1.570209999999999972e+01
7.369999999999998863e+01,1.570209999999999972e+01
7.379999999999999716e+01,1.365399999999999991e+01
7.390000000000000568e+01,1.365399999999999991e+01
7.400000000000000000e+01,1.501939999999999920e+01
7.409999999999999432e+01,1.570209999999999972e+01
7.420000000000000284e+01,1.365399999999999991e+01
7.429999999999998295e+01,1.365399999999999991e+01
7.440000000000000568e+01,1.570209999999999972e+01
7.450000000000000000e+01,1.570209999999999972e+01
7.459999999999999432e+01,1.365399999999999991e+01
7.470000000000000284e+01,1.365399999999999991e+01
7.479999999999998295e+01,1.501939999999999920e+01
7.489999999999999147e+01,1.501939999999999920e+01
7.500000000000000000e+01,1.365399999999999991e+01
7.509999999999999432e+01,1.501939999999999920e+01
7.520000000000000284e+01,1.365399999999999991e+01
7.530000000000001137e+01,1.570209999999999972e+01
7.539999999999999147e+01,1.297129999999999939e+01
7.550000000000000000e+01,1.228859999999999886e+01
7.559999999999999432e+01,1.501939999999999920e+01
7.570000000000000284e+01,1.228859999999999886e+01
7.580000000000001137e+01,1.638479999999999848e+01
7.590000000000000568e+01,1.570209999999999972e+01
7.600000000000000000e+01,1.365399999999999991e+01
7.609999999999999432e+01,1.365399999999999991e+01
7.619999999999998863e+01,1.570209999999999972e+01
7.629999999999999716e+01,1.365399999999999991e+01
7.640000000000000568e+01,1.570209999999999972e+01
7.650000000000000000e+01,1.365399999999999991e+01
7.659999999999999432e+01,1.570209999999999972e+01
7.669999999999998863e+01,1.501939999999999920e+01
7.679999999999999716e+01,1.365399999999999991e+01
7.690000000000000568e+01,1.433669999999999867e+01
7.700000000000000000e+01,1.365399999999999991e+01
7.709999999999999432e+01,1.501939999999999920e+01
7.719999999999998863e+01,1.365399999999999991e+01
7.729999999999999716e+01,1.365399999999999991e+01
7.740000000000000568e+01,1.501939999999999920e+01
7.750000000000000000e+01,1.433669999999999867e+01
7.759999999999999432e+01,1.365399999999999991e+01
7.769999999999998863e+01,1.297129999999999939e+01
7.779999999999999716e+01,1.501939999999999920e+01
7.790000000000000568e+01,1.365399999999999991e+01
7.800000000000000000e+01,1.501939999999999920e+01
7.809999999999999432e+01,1.297129999999999939e+01
7.819999999999998863e+01,1.501939999999999920e+01
7.829999999999999716e+01,1.365399999999999991e+01
7.840000000000000568e+01,1.501939999999999920e+01
7.850000000000000000e+01,1.297129999999999939e+01
7.859999999999999432e+01,1.501939999999999920e+01
7.869999999999998863e+01,1.297129999999999939e+01
7.879999999999999716e+01,1.501939999999999920e+01
7.890000000000000568e+01,1.501939999999999920e+01
7.900000000000000000e+01,1.365399999999999991e+01
7.909999999999999432e+01,1.501939999999999920e+01
7.920000000000000284e+01,1.365399999999999991e+01
7.929999999999998295e+01,1.501939999999999920e+01
7.939999999999999147e+01,1.365399999999999991e+01
7.950000000000000000e+01,1.297129999999999939e+01
7.959999999999999432e+01,1.570209999999999972e+01
7.970000000000000284e+01,1.297129999999999939e+01
7.980000000000001137e+01,1.501939999999999920e+01
7.989999999999999147e+01,1.501939999999999920e+01
8.000000000000000000e+01,1.297129999999999939e+01
8.009999999999999432e+01,1.501939999999999920e+01
8.020000000000000284e+01,1.365399999999999991e+01
8.029999999999999716e+01,1.297129999999999939e+01
8.039999999999999147e+01,1.501939999999999920e+01
8.050000000000000000e+01,1.501939999999999920e+01
8.059999999999999432e+01,1.297129999999999939e+01
8.070000000000000284e+01,1.501939999999999920e+01
8.079999999999999716e+01,1.365399999999999991e+01
8.090000000000000568e+01,1.228859999999999886e+01
8.100000000000000000e+01,1.570209999999999972e+01
8.109999999999999432e+01,1.501939999999999920e+01
8.120000000000000284e+01,1.297129999999999939e+01
8.129999999999999716e+01,1.297129999999999939e+01
8.140000000000000568e+01,1.501939999999999920e+01
8.149999999999998579e+01,1.501939999999999920e+01
8.159999999999999432e+01,1.365399999999999991e+01
8.170000000000000284e+01,1.501939999999999920e+01
8.179999999999999716e+01,1.297129999999999939e+01
8.190000000000000568e+01,1.297129999999999939e+01
8.200000000000000000e+01,1.433669999999999867e+01
8.209999999999999432e+01,1.501939999999999920e+01
8.219999999999998863e+01,1.297129999999999939e+01
8.229999999999999716e+01,1.501939999999999920e+01
8.240000000000000568e+01,1.297129999999999939e+01
8.250000000000000000e+01,1.297129999999999939e+01
8.259999999999999432e+01,1.433669999999999867e+01
8.269999999999998863e+01,1.501939999999999920e+01
8.279999999999999716e+01,1.297129999999999939e+01
8.289999999999999147e+01,1.297129999999999939e+01
8.300000000000000000e+01,1.501939999999999920e+01
8.310000000000000853e+01,1.501939999999999920e+01
8.319999999999998863e+01,1.365399999999999991e+01
8.329999999999999716e+01,1.501939999999999920e+01
8.339999999999999147e+01,1.365399999999999991e+01
8.350000000000000000e+01,1.297129999999999939e+01
8.360000000000000853e+01,1.501939999999999920e+01
8.369999999999998863e+01,1.297129999999999939e+01
8.379999999999999716e+01,1.570209999999999972e+01
8.389999999999999147e+01,1.365399999999999991e+01
8.400000000000000000e+01,1.501939999999999920e+01
8.409999999999999432e+01,1.433669999999999867e+01
8.420000000000000284e+01,1.501939999999999920e+01
8.429999999999999716e+01,1.501939999999999920e+01
8.439999999999999147e+01,1.433669999999999867e+01
8.450000000000000000e+01,1.365399999999999991e+01
8.459999999999999432e+01,1.501939999999999920e+01
8.470000000000000284e+01,1.365399999999999991e+01
8.479999999999999716e+01,1.501939999999999920e+01
8.489999999999999147e+01,1.570209999999999972e+01
8.500000000000000000e+01,1.365399999999999991e+01
8.509999999999999432e+01,1.570209999999999972e+01
8.520000000000000284e+01,1.365399999999999991e+01
8.529999999999999716e+01,1.365399999999999991e+01
8.539999999999999147e+01,1.570209999999999972e+01
8.550000000000000000e+01,1.501939999999999920e+01
8.559999999999999432e+01,1.433669999999999867e+01
8.570000000000000284e+01,1.570209999999999972e+01
8.579999999999999716e+01,1.433669999999999867e+01
8.590000000000000568e+01,1.570209999999999972e+01
8.599999999999998579e+01,1.365399999999999991e+01
8.609999999999999432e+01,1.570209999999999972e+01
8.620000000000000284e+01,1.433669999999999867e+01
8.629999999999999716e+01,1.501939999999999920e+01
8.640000000000000568e+01,1.433669999999999867e+01
8.649999999999998579e+01,1.433669999999999867e+01
8.659999999999999432e+01,1.570209999999999972e+01
8.670000000000000284e+01,1.570209999999999972e+01
8.679999999999999716e+01,1.433669999999999867e+01
8.690000000000000568e+01,1.433669999999999867e+01
8.700000000000000000e+01,1.570209999999999972e+01
8.709999999999999432e+01,1.433669999999999867e+01
8.719999999999998863e+01,1.570209999999999972e+01
8.729999999999999716e+01,1.570209999999999972e+01
8.740000000000000568e+01,1.433669999999999867e+01
8.750000000000000000e+01,1.433669999999999867e+01
8.759999999999999432e+01,1.570209999999999972e+01
8.769999999999998863e+01,1.570209999999999972e+01
8.779999999999999716e+01,1.433669999999999867e+01
8.789999999999999147e+01,1.570209999999999972e+01
8.800000000000000000e+01,1.365399999999999991e+01
8.810000000000000853e+01,1.570209999999999972e+01
8.819999999999998863e+01,1.365399999999999991e+01
8.829999999999999716e+01,1.570209999999999972e+01
8.839999999999999147e+01,1.433669999999999867e+01
8.850000000000000000e+01,1.365399999999999991e+01
8.860000000000000853e+01,1.501939999999999920e+01
8.870000000000000284e+01,1.501939999999999920e+01
8.879999999999999716e+01,1.433669999999999867e+01
8.889999999999999147e+01,1.570209999999999972e+01
8.900000000000000000e+01,1.433669999999999867e+01
8.909999999999999432e+01,1.297129999999999939e+01
8.920000000000000284e+01,1.570209999999999972e+01
8.929999999999999716e+01,1.365399999999999991e+01
8.939999999999999147e+01,1.570209999999999972e+01
8.950000000000000000e+01,1.501939999999999920e+01
8.959999999999999432e+01,1.365399999999999991e+01
8.970000000000000284e+01,1.501939999999999920e+01
8.979999999999999716e+01,1.365399999999999991e+01
8.989999999999999147e+01,1.297129999999999939e+01
9.000000000000000000e+01,1.501939999999999920e+01
9.009999999999999432e+01,1.297129999999999939e+01
9.020000000000000284e+01,1.501939999999999920e+01
9.029999999999999716e+01,1.501939999999999920e+01
9.039999999999999147e+01,1.365399999999999991e+01
9.050000000000000000e+01,1.297129999999999939e+01
9.059999999999999432e+01,1.501939999999999920e+01
9.070000000000000284e+01,1.297129999999999939e+01
9.079999999999999716e+01,1.501939999999999920e+01
9.090000000000000568e+01,1.297129999999999939e+01
9.099999999999998579e+01,1.501939999999999920e+01
9.109999999999999432e+01,1.297129999999999939e+01
9.120000000000000284e+01,1.433669999999999867e+01
9.129999999999999716e+01,1.433669999999999867e+01
9.140000000000000568e+01,1.297129999999999939e+01
9.149999999999998579e+01,1.297129999999999939e+01
9.159999999999999432e+01,1.433669999999999867e+01
9.169999999999998863e+01,1.433669999999999867e+01
9.179999999999999716e+01,1.297129999999999939e+01
9.190000000000000568e+01,1.365399999999999991e+01
9.200000000000000000e+01,1.433669999999999867e+01
9.209999999999999432e+01,1.433669999999999867e+01
9.219999999999998863e+01,1.297129999999999939e+01
9.229999999999999716e+01,1.433669999999999867e+01
9.240000000000000568e+01,1.365399999999999991e+01
9.250000000000000000e+01,1.297129999999999939e+01
9.260000000000000853e+01,1.501939999999999920e+01
9.269999999999998863e+01,1.501939999999999920e+01
9.279999999999999716e+01,1.365399999999999991e+01
9.289999999999999147e+01,1.365399999999999991e+01
9.300000000000000000e+01,1.501939999999999920e+01
9.310000000000000853e+01,1.501939999999999920e+01
9.319999999999998863e+01,1.297129999999999939e+01
9.329999999999999716e+01,1.501939999999999920e+01
9.339999999999999147e+01,1.365399999999999991e+01
9.350000000000000000e+01,1.501939999999999920e+01
9.359999999999999432e+01,1.365399999999999991e+01
9.370000000000000284e+01,1.365399999999999991e+01
9.379999999999999716e+01,1.501939999999999920e+01
9.389999999999999147e+01,1.501939999999999920e+01
9.400000000000000000e+01,1.433669999999999867e+01
9.409999999999999432e+01,1.501939999999999920e+01
9.420000000000000284e+01,1.365399999999999991e+01
9.429999999999999716e+01,1.365399999999999991e+01
9.439999999999999147e+01,1.501939999999999920e+01
9.450000000000000000e+01,1.365399999999999991e+01
9.459999999999999432e+01,1.501939999999999920e+01
9.470000000000000284e+01,1.365399999999999991e+01
9.479999999999999716e+01,1.570209999999999972e+01
9.489999999999999147e+01,1.501939999999999920e+01
9.500000000000000000e+01,1.365399999999999991e+01
9.509999999999999432e+01,1.365399999999999991e+01
9.520000000000000284e+01,1.501939999999999920e+01
9.529999999999999716e+01,1.297129999999999939e+01
9.539999999999999147e+01,1.501939999999999920e+01
9.550000000000000000e+01,1.365399999999999991e+01
9.559999999999999432e+01,1.570209999999999972e+01
9.570000000000000284e+01,1.501939999999999920e+01
9.579999999999999716e+01,1.365399999999999991e+01
9.590000000000000568e+01,1.501939999999999920e+01
9.599999999999998579e+01,1.297129999999999939e+01
9.609999999999999432e+01,1.501939999999999920e+01
9.620000000000000284e+01,1.365399999999999991e+01
9.629999999999999716e+01,1.501939999999999920e+01
9.640000000000000568e+01,1.297129999999999939e+01
9.650000000000000000e+01,1.433669999999999867e+01
9.659999999999999432e+01,1.365399999999999991e+01
9.669999999999998863e+01,1.297129999999999939e+01
9.679999999999999716e+01,1.501939999999999920e+01
9.690000000000000568e+01,1.501939999999999920e+01
9.700000000000000000e+01,1.365399999999999991e+01
9.709999999999999432e+01,1.501939999999999920e+01
9.719999999999998863e+01,1.297129999999999939e+01
9.729999999999999716e+01,1.501939999999999920e+01
9.739999999999999147e+01,1.297129999999999939e+01
9.750000000000000000e+01,1.297129999999999939e+01
9.760000000000000853e+01,1.501939999999999920e+01
9.769999999999998863e+01,1.501939999999999920e+01
9.779999999999999716e+01,1.297129999999999939e+01
9.789999999999999147e+01,1.501939999999999920e+01
9.800000000000000000e+01,1.297129999999999939e+01
9.810000000000000853e+01,1.297129999999999939e+01
9.819999999999998863e+01,1.433669999999999867e+01
9.829999999999999716e+01,1.297129999999999939e+01
9.839999999999999147e+01,1.433669999999999867e+01
9.850000000000000000e+01,1.297129999999999939e+01
9.859999999999999432e+01,1.433669999999999867e+01
9.870000000000000284e+01,1.297129999999999939e+01
9.879999999999999716e+01,1.433669999999999867e+01
9.889999999999999147e+01,1.297129999999999939e+01
9.900000000000000000e+01,1.501939999999999920e+01
9.909999999999999432e+01,1.228859999999999886e+01
9.920000000000000284e+01,1.501939999999999920e+01
9.929999999999999716e+01,1.433669999999999867e+01
9.939999999999999147e+01,1.297129999999999939e+01
9.950000000000000000e+01,1.365399999999999991e+01
9.959999999999999432e+01,1.297129999999999939e+01
9.970000000000000284e+01,1.297129999999999939e+01
9.979999999999999716e+01,1.433669999999999867e+01
9.989999999999999147e+01,1.433669999999999867e+01
1.000000000000000000e+02,1.297129999999999939e+01
1.000999999999999943e+02,1.297129999999999939e+01
1.002000000000000028e+02,1.433669999999999867e+01
1.002999999999999972e+02,1.433669999999999867e+01
1.003999999999999915e+02,1.433669999999999867e+01
