fw_time_ms,wall_time_s,ch0_uV,ch1_uV,ch2_uV,ch3_uV,ch4_uV,ch5_uV,ch6_uV,ch7_uV,ch8_uV,ch9_uV,ch10_uV,ch11_uV,ch12_uV,ch13_uV,ch14_uV,ch15_uV,ch16_uV,ch17_uV,ch18_uV,ch19_uV,ch20_uV,ch21_uV,ch22_uV,ch23_uV,ch24_uV,ch25_uV,ch26_uV,ch27_uV,ch28_uV,ch29_uV,ch30_uV,ch31_uV,ch32_uV,ch33_uV,ch34_uV,ch35_uV,ch36_uV,ch37_uV,ch38_uV,ch39_uV,ch40_uV,ch41_uV,ch42_uV,ch43_uV,ch44_uV
1576369,1781937040.8517,4711838,4160785,3517818,3004646,2498836,2004776,1503562,999336,497283,4691066,4246826,3626442,2982826,2470455,1974983,1477527,982532,486812,4733276,4193821,3571109,3063621,2558803,1947517,1539173,967388,475063,4474773,4099311,3454246,2959213,2461128,1969795,1473217,982608,458068,4463730,4192829,3456974,2955265,2464294,1968822,1454696,976963,486965
1576470,1781937040.9528,4711838,4160843,3517799,3004665,2498779,2004718,1503582,999336,497303,4690475,4246711,3626346,2982826,2470379,1974906,1477565,982589,486793,4733124,4193821,3571109,3063583,2558765,1947593,1539173,967388,475006,4474964,4099388,3454246,2959137,2461128,1969738,1473217,982589,458049,4463730,4192810,3456878,2955246,2464351,1968784,1454639,976963,486965
1576568,1781937041.0508,4711799,4160823,3517742,3004646,2498741,2004756,1503562,999393,497283,4689941,4246750,3626403,2982845,2470359,1974868,1477603,982589,486888,4733047,4193782,3571109,3063640,2558784,1947441,1539230,967445,475006,4474964,4099464,3454361,2959232,2461147,1969718,1473236,982589,458049,4463653,4192791,3456840,2955246,2464332,1968765,1454658,976924,486946
1576676,1781937041.1597,4711838,4160823,3517723,3004646,2498760,2004833,1503524,999431,497283,4689865,4246750,3626346,2982864,2470398,1974926,1477565,982608,486869,4733009,4193763,3571128,3063602,2558746,1947441,1539211,967445,474987,4474525,4099426,3454322,2959156,2461166,1969661,1473255,982627,458011,4463634,4192810,3456783,2955227,2464275,1968708,1454658,976924,487022
1576772,1781937041.2552,4711895,4160804,3517761,3004665,2498760,2004795,1503524,999450,497226,4689865,4246788,3626365,2982769,2470359,1974906,1477603,982589,486946,4732818,4193802,3571090,3063564,2558765,1947479,1539230,967445,474929,4474430,4099445,3454303,2959156,2461185,1969699,1473293,982513,457973,4463577,4192810,3456707,2955150,2464237,1968727,1454601,976867,487022
1576873,1781937041.3551,4711971,4160843,3517818,3004627,2498722,2004890,1503601,999412,497226,4689827,4246826,3626270,2982788,2470417,1974849,1477565,982608,486946,4732837,4193802,3571128,3063545,2558803,1947479,1539154,967464,474910,4474849,4099407,3454303,2959041,2461109,1969680,1473255,982475,457973,4463577,4192829,3456649,2955150,2464161,1968689,1454563,976829,486984
1576962,1781937041.4459,4712066,4160900,3517837,3004646,2498741,2004966,1503639,999469,497264,4690170,4246845,3626365,2982807,2470417,1974887,1477508,982589,486927,4732914,4193840,3571109,3063507,2558784,1947517,1539154,967407,474891,4474792,4099369,3454246,2959022,2461090,1969680,1473217,982475,457954,4463596,4192810,3456649,2955150,2464103,1968631,1454505,976772,486946
1577052,1781937041.5527,4712085,4161014,3517856,3004722,2498779,2005043,1503582,999431,497245,4690132,4246845,3626384,2982826,2470379,1974887,1477489,982589,486907,4732818,4193821,3571128,3063545,2558746,1947498,1539173,967426,474891,4474792,4099216,3454151,2958984,2461071,1969661,1473178,982475,457992,4463482,4192752,3456726,2955093,2464065,1968612,1454448,976734,486946
1577166,1781937041.6491,4712047,4161148,3517913,3004722,2498817,2005004,1503601,999469,497226,4690876,4246921,3626499,2982845,2470417,1974964,1477508,982589,486927,4732685,4193878,3571052,3063583,2558708,1947498,1539192,967388,474891,4474087,4099102,3454208,2958984,2461071,1969642,1473197,982475,457973,4463577,4192848,3456783,2955112,2464065,1968574,1454467,976734,486927
1577249,1781937041.7336,4712085,4161090,3517952,3004722,2498817,2005081,1503639,999507,497245,4691105,4247055,3626556,2982864,2470417,1974906,1477508,982551,486927,4732876,4193897,3570995,3063602,2558651,1947479,1539173,967388,474872,4474239,4099140,3454284,2958984,2461109,1969680,1473159,982456,457954,4463520,4192848,3456783,2955093,2464008,1968574,1454448,976753,486946
1577343,1781937041.8257,4712162,4161110,3517990,3004703,2498760,2005119,1503620,999488,497226,4690819,4247093,3626594,2982921,2470474,1974926,1477432,982570,486984,4732933,4193916,3571052,3063526,2558632,1947422,1539192,967388,474834,4474220,4099235,3454227,2958965,2461109,1969738,1473159,982494,457954,4463558,4192752,3456821,2955036,2463989,1968574,1454353,976753,486984
1577425,1781937041.9087,4712238,4161129,3517913,3004779,2498760,2005195,1503582,999469,497226,4690342,4247093,3626556,2982845,2470493,1974945,1477432,982589,486984,4732971,4193916,3571090,3063488,2558651,1947441,1539192,967426,474853,4474296,4099311,3454208,2958984,2461090,1969776,1473159,982532,457973,4463577,4192772,3456859,2955017,2463989,1968631,1454315,976696,487022
1577528,1781937042.0108,4712238,4161167,3517913,3004779,2498722,2005214,1503582,999450,497245,4691066,4247169,3626575,2982902,2470493,1974983,1477451,982551,486984,4733162,4194069,3571109,3063545,2558670,1947422,1539230,967426,474853,4474296,4099369,3454284,2958984,2461071,1969738,1473178,982532,458011,4463520,4192676,3456897,2955036,2463874,1968593,1454372,976676,487041
1577627,1781937042.1094,4712181,4161186,3517933,3004818,2498760,2005176,1503601,999469,497283,4691047,4247207,3626556,2983017,2470550,1974983,1477432,982570,486984,4732837,4193954,3571148,3063469,2558746,1947441,1539268,967407,474872,4474334,4099292,3454227,2958889,2461071,1969718,1473121,982475,457992,4463405,4192600,3456878,2954998,2463874,1968593,1454353,976657,487098
1577710,1781937042.1933,4712238,4161262,3517971,3004837,2498760,2005138,1503658,999488,497303,4690990,4247188,3626613,2983055,2470531,1974906,1477470,982570,487003,4732589,4193878,3571205,3063392,2558708,1947403,1539287,967369,474948,4474354,4099235,3454265,2958908,2461032,1969776,1473121,982475,458049,4463386,4192600,3456916,2954998,2463970,1968593,1454353,976676,487098
1577803,1781937042.2854,4712295,4161148,3518047,3004894,2498760,2005157,1503696,999488,497341,4690590,4247169,3626632,2983093,2470569,1974983,1477489,982551,487003,4732532,4193878,3571186,3063449,2558689,1947460,1539268,967292,474929,4474277,4099350,3454322,2958927,2461090,1969795,1473178,982532,458030,4463405,4192638,3456936,2954959,2463913,1968593,1454391,976657,487041
1577910,1781937042.3928,4712276,4161129,3518028,3004913,2498779,2005157,1503715,999507,497379,4690819,4247074,3626613,2983074,2470588,1974964,1477508,982551,487041,4732570,4193973,3571224,3063411,2558670,1947403,1539287,967273,474929,4474354,4099350,3454361,2958946,2461090,1969795,1473217,982570,457992,4463386,4192600,3456955,2954979,2463894,1968612,1454372,976600,487041
1577993,1781937042.4752,4712257,4161167,3518009,3004951,2498741,2005138,1503772,999488,497436,4690513,4247055,3626670,2983055,2470550,1974906,1477451,982513,487079,4732780,4194011,3571186,3063449,2558670,1947364,1539325,967292,474929,4474640,4099350,3454399,2958908,2461128,1969833,1473178,982589,457992,4463310,4192543,3456859,2954959,2463855,1968631,1454429,976486,487022
1578091,1781937042.5732,4712295,4161090,3517933,3005008,2498779,2005119,1503753,999507,497398,4690799,4247093,3626747,2983074,2470531,1974964,1477508,982532,487060,4732532,4193973,3571205,3063430,2558632,1947364,1539363,967254,474967,4474640,4099350,3454380,2958870,2461166,1969757,1473140,982627,457992,4463215,4192562,3456821,2954979,2463855,1968631,1454429,976505,487022
1578203,1781937042.7026,4712372,4161071,3517971,3004970,2498722,2005062,1503810,999507,497360,4690933,4247131,3626709,2983131,2470512,1974983,1477470,982513,487079,4732609,4193954,3571205,3063373,2558632,1947383,1539382,967273,474948,4474716,4099388,3454399,2958850,2461147,1969795,1473102,982666,457973,4463176,4192485,3456764,2955017,2463817,1968631,1454429,976505,487041
1578325,1781937042.8079,4712372,4161110,3517952,3005027,2498703,2005100,1503791,999450,497379,4690590,4247207,3626690,2983131,2470626,1974945,1477508,982532,487060,4732742,4194011,3571167,3063430,2558708,1947422,1539363,967273,474929,4474869,4099445,3454475,2958946,2461147,1969757,1473121,982666,457973,4463386,4192428,3456726,2955017,2463817,1968593,1454372,976467,487060
1578428,1781937042.9100,4712353,4161052,3517856,3005085,2498607,2005100,1503830,999450,497360,4690399,4247265,3626709,2983169,2470646,1974945,1477470,982532,487041,4732761,4194049,3571167,3063392,2558708,1947403,1539382,967254,475006,4474869,4099426,3454475,2958850,2461166,1969757,1473121,982666,458011,4463386,4192428,3456726,2954979,2463836,1968555,1454353,976467,487060
1578522,1781937043.0045,4712333,4161148,3517780,3005027,2498588,2005138,1503849,999431,497379,4690189,4247265,3626728,2983188,2470626,1974926,1477527,982513,486984,4733162,4194030,3571205,3063469,2558765,1947441,1539440,967254,475025,4474830,4099464,3454475,2958908,2461109,1969757,1473140,982646,458030,4463424,4192447,3456630,2954998,2463874,1968536,1454391,976409,487041
1578622,1781937043.1049,4712295,4161090,3517780,3005027,2498569,2005062,1503906,999431,497398,4690056,4247284,3626709,2983131,2470684,1974906,1477527,982551,487041,4733066,4193992,3571224,3063411,2558765,1947422,1539459,967235,475025,4474849,4099426,3454456,2958831,2461128,1969795,1473159,982646,458030,4463463,4192371,3456611,2954959,2463951,1968498,1454391,976409,487079
1578720,1781937043.2050,4712353,4161110,3517837,3005027,2498607,2005081,1503925,999412,497436,4690037,4247284,3626709,2983131,2470722,1974887,1477546,982589,487060,4732990,4194011,3571205,3063392,2558746,1947422,1539497,967292,475025,4474811,4099426,3454475,2958850,2461071,1969795,1473178,982646,458049,4463482,4192333,3456573,2954998,2464008,1968460,1454391,976467,487060
1578822,1781937043.3052,4712333,4161014,3517818,3004989,2498531,2005119,1503944,999412,497417,4689750,4247246,3626690,2983131,2470722,1974906,1477508,982608,487060,4732857,4193954,3571224,3063430,2558727,1947383,1539535,967369,475025,4474964,4099483,3454437,2958793,2461128,1969795,1473178,982646,458087,4463539,4192371,3456611,2954998,2464008,1968517,1454391,976448,487079
1578926,1781937043.4087,4712257,4160900,3517761,3004970,2498531,2005119,1504020,999431,497474,4689445,4247265,3626690,2983131,2470798,1974926,1477489,982666,487079,4732876,4194069,3571281,3063449,2558689,1947441,1539497,967350,475044,4474754,4099426,3454399,2958755,2461128,1969795,1473159,982608,458087,4463424,4192237,3456573,2955017,2464027,1968441,1454372,976448,487060
1579028,1781937043.5110,4712353,4160881,3517685,3004989,2498512,2005100,1504020,999412,497474,4689350,4247265,3626728,2983150,2470836,1974964,1477470,982627,487079,4733104,4194145,3571300,3063469,2558765,1947441,1539478,967407,475082,4474430,4099311,3454342,2958736,2461071,1969795,1473159,982627,458068,4463386,4192237,3456554,2955093,2464008,1968402,1454353,976448,487003
1579129,1781937043.6117,4712448,4160938,3517665,3004989,2498531,2005119,1504020,999469,497512,4689502,4247093,3626747,2983112,2470893,1974945,1477470,982589,487041,4733143,4194126,3571300,3063449,2558689,1947422,1539478,967426,475044,4474525,4099292,3454246,2958736,2460994,1969718,1473140,982608,458107,4463386,4192180,3456459,2954998,2463951,1968383,1454315,976333,487041
1579226,1781937043.7081,4712429,4160919,3517551,3005046,2498493,2005214,1504097,999565,497474,4689235,4247074,3626709,2983074,2470913,1974926,1477489,982627,487079,4733314,4194259,3571281,3063449,2558727,1947364,1539440,967369,474987,4474468,4099235,3454227,2958698,2460956,1969718,1473083,982532,458107,4463367,4192142,3456459,2955036,2463951,1968421,1454277,976314,487022
1579311,1781937043.7938,4712391,4160881,3517494,3005027,2498512,2005233,1504097,999507,497493,4688987,4247074,3626690,2983074,2470874,1974926,1477432,982608,487117,4733181,4194297,3571262,3063411,2558689,1947383,1539459,967388,475006,4474430,4099140,3454113,2958603,2460937,1969680,1473045,982589,458107,4463272,4192066,3456325,2955093,2463855,1968383,1454200,976276,487022
1579407,1781937043.9095,4712467,4160823,3517475,3004989,2498474,2005100,1504077,999507,497474,4689045,4247131,3626613,2983074,2470855,1974906,1477451,982608,487175,4732952,4194164,3571186,3063430,2558727,1947383,1539421,967407,475006,4474277,4099044,3454113,2958564,2460842,1969623,1473007,982570,458087,4463176,4191970,3456344,2954979,2463855,1968364,1454181,976276,487022
1579511,1781937043.9934,4712410,4160823,3517475,3004989,2498455,2005081,1504020,999507,497417,4689064,4247093,3626594,2983093,2470836,1974964,1477489,982589,487194,4732933,4194202,3571205,3063449,2558765,1947345,1539421,967502,475025,4474067,4099063,3454113,2958526,2460842,1969623,1473045,982532,458107,4463100,4191932,3456363,2954979,2463913,1968345,1454162,976276,487060
1579606,1781937044.0887,4712486,4160862,3517456,3004989,2498512,2005138,1503944,999469,497398,4689407,4247093,3626670,2983169,2470874,1975002,1477451,982551,487194,4733143,4194221,3571205,3063449,2558860,1947422,1539440,967559,474987,4473972,4098987,3454094,2958526,2460842,1969718,1473026,982551,458126,4463196,4191932,3456401,2954959,2463894,1968326,1454200,976238,487060
1579680,1781937044.1651,4712543,4160804,3517398,3005066,2498493,2005138,1503963,999450,497379,4689388,4246959,3626670,2983207,2470855,1975078,1477413,982513,487155,4733047,4194202,3571148,3063373,2558822,1947517,1539382,967502,474967,4474125,4098892,3454055,2958469,2460823,1969738,1473045,982532,458126,4463310,4192009,3456440,2954940,2463855,1968307,1454124,976295,487060
1579773,1781937044.2559,4712562,4160843,3517437,3005046,2498417,2005081,1504001,999450,497379,4689083,4246959,3626613,2983131,2470817,1975097,1477413,982456,487175,4733162,4194259,3571148,3063392,2558822,1947593,1539440,967540,474967,4474621,4098854,3454074,2958507,2460804,1969718,1473007,982494,458126,4463329,4192047,3456440,2954959,2463874,1968288,1454105,976333,487041
1579873,1781937044.3579,4712410,4160862,3517398,3005085,2498436,2005100,1504039,999450,497417,4689331,4246959,3626709,2983207,2470874,1975097,1477336,982456,487117,4733047,4194240,3571205,3063392,2558841,1947574,1539402,967540,474967,4474525,4098854,3454036,2958431,2460765,1969718,1472950,982551,458107,4463386,4192028,3456478,2954959,2463855,1968326,1454105,976352,487022
1579973,1781937044.4557,4712391,4160862,3517398,3005142,2498417,2005043,1503982,999469,497398,4689274,4246883,3626747,2983188,2470893,1975097,1477336,982494,487117,4732933,4194259,3571167,3063411,2558803,1947555,1539421,967483,475006,4474334,4098854,3454017,2958412,2460746,1969718,1472988,982589,458107,4463234,4191932,3456516,2954979,2463836,1968326,1454067,976314,487022
1580089,1781937044.5719,4712372,4160919,3517475,3005123,2498436,2005062,1503925,999488,497341,4688854,4246864,3626690,2983207,2470836,1975059,1477375,982494,487136,4733009,4194278,3571243,3063430,2558803,1947517,1539459,967464,474967,4474449,4098816,3454074,2958412,2460746,1969680,1473045,982589,458107,4463100,4191875,3456478,2954921,2463817,1968307,1454048,976314,487041
1580200,1781937044.6830,4712353,4160881,3517475,3005142,2498455,2005043,1503982,999507,497379,4688530,4246807,3626651,2983188,2470855,1974983,1477375,982475,487136,4733009,4194221,3571262,3063373,2558822,1947517,1539421,967407,474967,4474392,4098873,3454055,2958374,2460746,1969661,1473045,982532,458068,4463157,4191875,3456401,2954883,2463798,1968326,1454086,976333,486984
1580272,1781937044.7544,4712429,4160804,3517341,3005123,2498417,2005081,1504001,999450,497341,4688244,4246750,3626632,2983131,2470893,1974887,1477356,982475,487136,4732914,4194164,3571300,3063259,2558879,1947517,1539382,967445,474948,4475040,4098816,3454055,2958374,2460670,1969604,1473045,982494,458087,4463005,4191799,3456249,2954769,2463741,1968288,1454048,976295,486984
1580340,1781937044.8235,4712372,4160823,3517360,3005123,2498455,2005043,1504020,999412,497303,4688434,4246673,3626575,2983131,2470874,1974887,1477356,982475,487136,4732895,4194240,3571319,3063221,2558899,1947517,1539402,967464,475006,4474907,4098701,3453979,2958374,2460689,1969547,1473007,982475,458126,4462986,4191742,3456249,2954750,2463760,1968288,1454048,976257,486984
1580431,1781937044.9140,4712295,4160823,3517341,3005123,2498417,2005004,1504039,999431,497322,4688568,4246711,3626556,2983055,2470836,1974830,1477394,982494,487060,4732990,4194297,3571300,3063335,2558879,1947612,1539363,967464,475006,4474888,4098625,3454036,2958393,2460689,1969451,1472950,982456,458087,4462909,4191780,3456134,2954731,2463722,1968231,1454086,976238,486965
1580525,1781937045.0247,4712276,4160785,3517418,3005085,2498378,2004985,1504077,999412,497341,4688873,4246711,3626556,2983055,2470817,1974792,1477356,982475,487098,4732876,4194221,3571224,3063316,2558879,1947612,1539363,967388,474987,4474773,4098529,3453941,2958278,2460670,1969394,1472911,982379,458107,4462909,4191761,3456058,2954673,2463626,1968174,1454067,976257,486927
1580648,1781937045.1302,4712257,4160690,3517437,3005142,2498474,2005004,1504135,999469,497360,4688129,4246673,3626537,2982978,2470817,1974811,1477317,982513,487117,4732723,4194164,3571243,3063335,2558879,1947727,1539344,967388,475044,4474716,4098549,3453903,2958297,2460651,1969451,1472854,982379,458087,4462948,4191780,3456039,2954692,2463665,1968212,1454010,976238,486927
1580747,1781937045.2290,4712257,4160671,3517379,3005123,2498474,2005043,1504116,999469,497341,4688492,4246731,3626556,2982940,2470760,1974811,1477336,982513,487117,4732990,4194278,3571205,3063354,2558860,1947746,1539306,967388,475063,4474621,4098606,3453922,2958355,2460651,1969451,1472835,982399,458087,4462890,4191818,3456058,2954731,2463646,1968212,1453990,976257,486927
1580838,1781937045.3212,4712276,4160709,3517379,3005066,2498493,2005043,1504135,999507,497360,4688740,4246692,3626480,2982940,2470817,1974811,1477336,982494,487079,4733162,4194393,3571243,3063373,2558860,1947803,1539249,967445,475006,4474582,4098663,3453865,2958297,2460651,1969413,1472873,982437,458030,4462852,4191780,3455982,2954692,2463493,1968193,1453990,976257,486984
1580936,1781937045.4181,4712238,4160804,3517360,3005066,2498493,2005062,1504077,999527,497322,4689197,4246750,3626461,2982921,2470760,1974735,1477336,982494,487098,4733181,4194450,3571243,3063335,2558879,1947822,1539211,967464,475006,4474735,4098663,3453846,2958278,2460575,1969375,1472797,982418,458030,4462852,4191780,3455944,2954692,2463493,1968193,1453952,976276,486965
1581034,1781937045.5168,4712219,4160823,3517456,3005008,2498474,2004985,1504039,999527,497283,4689636,4246788,3626480,2982864,2470722,1974697,1477317,982475,487079,4733085,4194355,3571205,3063278,2558937,1947879,1539230,967426,475006,4474563,4098720,3453865,2958240,2460575,1969356,1472778,982418,458030,4462852,4191761,3455867,2954616,2463588,1968059,1453952,976295,486927
1581125,1781937045.6077,4712200,4160785,3517418,3004970,2498474,2005024,1503944,999507,497264,4689560,4246692,3626423,2982864,2470741,1974659,1477317,982494,487022,4733028,4194297,3571205,3063259,2558899,1947860,1539192,967369,475006,4474125,4098758,3453884,2958240,2460479,1969337,1472816,982437,458049,4462833,4191761,3455925,2954635,2463569,1968040,1453876,976333,486965
1581235,1781937045.7176,4712219,4160900,3517456,3005008,2498512,2005004,1503963,999488,497264,4689674,4246673,3626327,2982864,2470779,1974678,1477317,982513,486984,4733143,4194297,3571186,3063259,2558899,1947841,1539173,967369,474967,4474144,4098777,3453884,2958259,2460441,1969394,1472816,982437,458049,4462909,4191761,3455925,2954540,2463512,1968021,1453838,976295,486927
1581306,1781937045.7885,4712181,4160881,3517456,3005066,2498569,2005043,1503963,999527,497303,4689769,4246616,3626289,2982826,2470817,1974678,1477279,982513,487003,4733047,4194317,3571205,3063259,2558899,1947822,1539135,967350,474987,4474277,4098758,3453903,2958355,2460460,1969413,1472816,982437,458030,4462929,4191742,3455963,2954483,2463550,1967964,1453838,976257,486869
1581394,1781937045.8768,4712162,4160900,3517418,3004989,2498531,2005004,1504001,999507,497303,4690113,4246578,3626365,2982826,2470817,1974735,1477241,982494,486965,4732933,4194259,3571148,3063259,2558937,1947803,1539135,967350,474987,4474182,4098854,3453846,2958336,2460460,1969451,1472797,982418,457992,4462909,4191742,3456001,2954406,2463493,1967983,1453800,976276,486812
1581476,1781937045.9591,4712105,4160919,3517418,3004970,2498569,2005043,1503982,999527,497322,4690037,4246559,3626384,2982750,2470779,1974754,1477260,982494,486946,4732933,4194221,3571071,3063202,2558860,1947765,1539115,967369,474948,4474144,4098816,3453788,2958355,2460422,1969451,1472797,982437,457992,4462871,4191742,3456020,2954445,2463474,1967964,1453781,976276,486755
1581574,1781937046.0571,4712105,4160900,3517494,3004951,2498626,2004985,1503925,999546,497322,4690819,4246635,3626327,2982730,2470817,1974792,1477203,982475,486984,4732685,4194221,3571033,3063144,2558803,1947708,1539077,967350,474948,4474296,4098739,3453769,2958297,2460422,1969394,1472778,982418,457992,4462871,4191722,3456020,2954425,2463436,1967926,1453685,976314,486736
1581665,1781937046.1649,4712143,4160976,3517475,3004875,2498645,2005062,1503906,999565,497322,4690971,4246692,3626270,2982750,2470836,1974754,1477222,982437,486927,4732666,4194259,3570957,3063163,2558784,1947708,1539020,967369,474929,4474354,4098701,3453769,2958393,2460384,1969394,1472683,982418,457973,4462833,4191703,3455982,2954425,2463302,1967887,1453628,976295,486736
1581772,1781937046.2542,4712124,4160995,3517418,3004913,2498569,2005062,1503868,999546,497303,4691162,4246750,3626270,2982769,2470798,1974697,1477241,982437,486907,4732857,4194317,3570919,3063240,2558879,1947708,1538982,967350,474948,4474315,4098701,3453750,2958374,2460384,1969432,1472644,982418,457973,4462890,4191684,3456039,2954425,2463245,1967926,1453609,976295,486736
1581856,1781937046.3380,4712162,4161052,3517456,3004875,2498626,2004966,1503868,999546,497322,4691314,4246673,3626251,2982788,2470779,1974754,1477279,982418,486907,4733066,4194431,3570919,3063182,2558841,1947708,1538982,967292,474987,4474182,4098758,3453731,2958450,2460422,1969471,1472683,982418,457935,4462909,4191627,3456020,2954445,2463226,1967907,1453647,976314,486793
1581951,1781937046.4334,4712143,4161148,3517532,3004875,2498607,2004985,1503791,999527,497283,4691620,4246711,3626251,2982788,2470779,1974792,1477279,982360,486850,4732933,4194412,3570842,3063182,2558899,1947708,1539001,967292,474967,4474315,4098854,3453731,2958469,2460479,1969432,1472702,982475,457954,4462948,4191703,3456039,2954349,2463226,1967964,1453647,976333,486812
1582051,1781937046.5336,4712162,4161129,3517589,3004837,2498645,2005024,1503772,999565,497283,4691829,4246711,3626194,2982845,2470760,1974792,1477260,982399,486850,4732857,4194336,3570842,3063144,2558841,1947727,1538963,967254,474948,4474659,4098892,3453712,2958469,2460479,1969413,1472683,982475,457954,4462986,4191742,3456134,2954349,2463188,1967964,1453647,976314,486812
1582136,1781937046.6185,4712124,4161090,3517570,3004837,2498684,2005062,1503772,999546,497264,4691658,4246845,3626232,2982807,2470722,1974754,1477279,982360,486888,4732704,4194297,3570785,3063163,2558822,1947708,1538906,967273,474929,4474659,4098892,3453674,2958412,2460498,1969375,1472702,982418,457916,4462986,4191684,3456134,2954445,2463207,1967983,1453628,976333,486812
1582224,1781937046.7059,4712124,4161033,3517665,3004799,2498703,2005004,1503753,999527,497283,4692249,4246921,3626232,2982807,2470646,1974754,1477260,982322,486869,4732513,4194145,3570766,3063163,2558860,1947727,1538906,967273,474910,4474601,4098949,3453693,2958431,2460479,1969299,1472721,982475,457916,4463062,4191703,3456115,2954387,2463226,1967945,1453609,976352,486831
1582311,1781937046.7931,4712085,4160957,3517685,3004741,2498779,2005004,1503753,999546,497283,4692859,4247093,3626232,2982807,2470646,1974754,1477279,982303,486812,4732647,4194145,3570804,3063163,2558841,1947765,1538906,967216,474929,4474525,4098930,3453655,2958469,2460460,1969337,1472721,982418,457897,4463043,4191684,3456096,2954349,2463188,1967945,1453647,976409,486831
1582414,1781937046.8964,4712028,4160976,3517665,3004760,2498779,2005043,1503753,999584,497303,4692821,4247036,3626213,2982769,2470626,1974754,1477241,982303,486793,4732628,4194183,3570823,3063049,2558860,1947746,1538906,967254,474967,4474506,4099025,3453674,2958450,2460518,1969337,1472797,982437,457878,4463043,4191627,3456039,2954349,2463131,1967926,1453609,976448,486793
1582509,1781937046.9917,4712066,4161033,3517646,3004779,2498760,2005043,1503734,999622,497341,4693126,4247131,3626155,2982711,2470626,1974735,1477203,982265,486774,4732666,4194107,3570785,3063068,2558822,1947612,1538887,967197,474967,4474754,4098968,3453655,2958374,2460479,1969299,1472778,982437,457878,4463043,4191608,3455944,2954311,2463092,1967907,1453552,976467,486812
1582604,1781937047.0859,4712009,4161014,3517627,3004779,2498760,2005024,1503772,999660,497341,4693069,4247112,3626194,2982635,2470588,1974773,1477241,982303,486793,4732437,4194069,3570728,3063049,2558746,1947517,1538868,967140,475006,4474754,4098987,3453674,2958393,2460441,1969204,1472759,982475,457878,4462986,4191627,3455906,2954235,2463035,1967887,1453514,976448,486793
1582706,1781937047.2065,4711971,4161052,3517665,3004703,2498722,2005024,1503734,999679,497417,4693413,4247226,3626155,2982559,2470569,1974678,1477203,982379,486812,4732589,4194049,3570747,3062992,2558803,1947498,1538925,967140,474967,4474506,4098968,3453693,2958393,2460403,1969242,1472721,982456,457916,4462967,4191589,3455867,2954254,2463035,1967868,1453514,976429,486774
1582813,1781937047.2948,4711990,4161071,3517627,3004665,2498779,2005100,1503734,999698,497417,4693546,4247226,3626194,2982597,2470569,1974639,1477241,982399,486793,4732475,4193916,3570709,3062954,2558841,1947460,1538906,967140,474967,4474563,4098968,3453655,2958393,2460422,1969280,1472740,982494,457916,4462890,4191494,3455886,2954216,2463016,1967868,1453533,976371,486736
1582906,1781937047.3890,4712066,4161052,3517646,3004665,2498836,2005081,1503696,999679,497398,4693622,4247303,3626117,2982502,2470531,1974639,1477317,982379,486793,4732513,4193878,3570575,3062896,2558841,1947517,1538944,967121,474948,4474220,4098911,3453636,2958469,2460403,1969242,1472759,982494,457935,4462795,4191494,3455867,2954235,2462978,1967811,1453609,976371,486774
1583005,1781937047.4877,4712009,4161033,3517646,3004608,2498893,2005100,1503753,999660,497417,4693203,4247284,3626175,2982502,2470474,1974601,1477356,982360,486812,4732551,4193821,3570480,3062858,2558841,1947479,1538963,967121,474929,4474144,4099006,3453636,2958488,2460422,1969261,1472759,982456,457973,4462833,4191532,3455829,2954177,2463035,1967792,1453647,976409,486774
1583092,1781937047.5740,4711952,4160976,3517532,3004608,2498817,2005081,1503753,999622,497493,4692955,4247169,3626136,2982483,2470493,1974620,1477336,982379,486812,4732437,4193763,3570404,3062935,2558899,1947479,1538925,967140,474948,4474144,4099102,3453636,2958450,2460403,1969261,1472721,982437,457954,4462890,4191494,3455848,2954197,2463016,1967735,1453666,976429,486774
1583187,1781937047.6696,4711990,4160957,3517494,3004589,2498817,2005062,1503772,999603,497474,4693165,4247188,3626155,2982502,2470455,1974716,1477317,982360,486850,4732685,4193782,3570423,3062935,2558937,1947460,1538868,967159,474967,4474182,4099102,3453617,2958507,2460289,1969242,1472702,982494,457935,4462795,4191455,3455867,2954216,2463035,1967659,1453609,976429,486793
1583287,1781937047.7696,4711933,4160900,3517608,3004589,2498855,2005062,1503696,999603,497531,4693184,4247150,3626136,2982502,2470398,1974773,1477260,982341,486831,4732704,4193763,3570385,3063011,2558841,1947403,1538887,967140,474948,4474144,4099083,3453560,2958450,2460308,1969223,1472663,982494,457897,4462833,4191417,3455906,2954197,2462997,1967678,1453628,976390,486793
1583363,1781937047.8448,4711895,4160919,3517627,3004589,2498817,2005024,1503677,999622,497512,4692974,4247188,3626117,2982502,2470379,1974792,1477317,982341,486869,4732609,4193649,3570423,3063030,2558841,1947422,1538868,967102,474891,4474125,4099083,3453579,2958431,2460289,1969261,1472721,982475,457839,4462814,4191436,3455867,2954120,2462959,1967601,1453590,976409,486774
1583458,1781937047.9416,4711933,4160900,3517627,3004570,2498893,2005043,1503658,999565,497493,4692535,4247074,3626060,2982559,2470340,1974849,1477298,982303,486907,4732570,4193592,3570404,3062935,2558860,1947364,1538906,967102,474967,4474125,4099140,3453502,2958355,2460289,1969299,1472797,982456,457839,4462833,4191455,3455906,2954082,2462940,1967659,1453609,976371,486755
1583543,1781937048.0253,4711952,4160957,3517608,3004608,2498912,2005043,1503639,999603,497474,4692402,4247074,3625984,2982597,2470302,1974830,1477298,982322,486888,4732322,4193611,3570423,3062915,2558822,1947383,1538906,967121,474967,4474201,4099083,3453521,2958393,2460270,1969299,1472797,982532,457801,4462814,4191379,3455944,2954044,2462997,1967620,1453571,976371,486793
1583643,1781937048.1251,4711990,4161033,3517570,3004570,2498836,2005100,1503601,999584,497417,4692707,4247074,3626022,2982559,2470359,1974792,1477317,982322,486869,4732361,4193611,3570366,3062877,2558803,1947250,1538925,967083,474910,4474201,4099063,3453521,2958316,2460270,1969242,1472797,982513,457763,4462833,4191379,3455925,2954006,2462959,1967563,1453590,976371,486793
1583733,1781937048.2150,4712028,4161014,3517589,3004608,2498817,2005100,1503582,999603,497417,4692802,4247074,3626003,2982540,2470436,1974830,1477279,982303,486869,4732246,4193534,3570385,3062896,2558765,1947212,1538944,967083,474891,4474392,4099044,3453502,2958316,2460231,1969223,1472778,982532,457782,4462795,4191341,3455906,2953968,2462921,1967563,1453590,976352,486774
1583826,1781937048.3269,4711990,4160938,3517551,3004703,2498817,2005157,1503524,999584,497417,4692993,4247131,3626060,2982483,2470398,1974811,1477279,982322,486869,4732113,4193344,3570308,3062858,2558727,1947174,1538963,967025,474891,4474411,4098949,3453483,2958316,2460231,1969299,1472702,982456,457839,4462814,4191265,3455944,2953949,2462959,1967487,1453552,976333,486736
1583938,1781937048.4202,4712009,4160938,3517532,3004684,2498817,2005157,1503524,999546,497455,4692554,4247055,3626079,2982444,2470436,1974792,1477241,982341,486869,4732151,4193325,3570385,3062877,2558689,1947212,1538982,967044,474910,4474487,4098854,3453502,2958374,2460250,1969394,1472721,982494,457878,4462833,4191246,3455944,2953930,2462978,1967506,1453571,976295,486755
1584043,1781937048.5249,4712009,4160938,3517475,3004703,2498798,2005157,1503505,999488,497474,4692096,4246998,3626003,2982483,2470493,1974906,1477222,982341,486888,4732189,4193344,3570423,3062935,2558670,1947212,1539001,967102,474910,4474563,4098777,3453426,2958374,2460270,1969394,1472740,982494,457859,4462814,4191265,3455963,2953930,2462921,1967563,1453628,976238,486812
1584148,1781937048.6311,4712009,4160919,3517494,3004741,2498798,2005176,1503582,999527,497417,4691734,4246998,3626079,2982463,2470436,1974964,1477222,982322,486907,4732170,4193439,3570499,3062915,2558689,1947269,1539001,967159,474929,4474601,4098739,3453388,2958393,2460327,1969394,1472721,982513,457801,4462871,4191246,3455925,2953910,2462940,1967582,1453590,976238,486793
1584238,1781937048.7204,4711971,4160900,3517513,3004703,2498741,2005195,1503505,999546,497417,4691601,4246998,3626136,2982502,2470436,1974945,1477184,982303,486907,4731960,4193439,3570423,3062935,2558746,1947250,1538982,967178,474910,4474601,4098720,3453445,2958450,2460308,1969413,1472740,982513,457782,4462852,4191150,3455944,2953968,2462940,1967601,1453590,976238,486831
1584333,1781937048.8161,4711971,4160957,3517532,3004741,2498760,2005195,1503467,999488,497417,4691181,4246998,3626175,2982463,2470417,1974964,1477241,982341,486831,4731807,4193344,3570366,3062915,2558689,1947250,1538982,967178,474891,4474449,4098663,3453445,2958412,2460308,1969375,1472740,982494,457839,4462776,4191112,3455925,2954006,2462864,1967639,1453552,976257,486850
1584418,1781937048.9011,4711933,4160919,3517589,3004799,2498836,2005233,1503372,999469,497417,4690971,4246998,3626117,2982406,2470417,1974945,1477241,982379,486869,4731731,4193287,3570385,3062877,2558612,1947231,1538963,967216,474872,4474296,4098529,3453426,2958336,2460250,1969299,1472740,982513,457859,4462795,4191055,3455886,2954006,2462883,1967563,1453571,976238,486869
1584524,1781937049.0066,4711895,4160881,3517608,3004837,2498817,2005233,1503353,999412,497417,4691066,4246979,3626098,2982502,2470417,1974945,1477260,982399,486812,4731598,4193267,3570404,3062935,2558670,1947231,1538925,967178,474891,4474182,4098510,3453426,2958316,2460212,1969204,1472721,982513,457820,4462852,4190979,3455829,2954006,2462864,1967601,1453590,976200,486927
1584614,1781937049.0961,4711933,4160881,3517570,3004818,2498817,2005252,1503410,999412,497417,4690685,4246940,3626117,2982521,2470379,1974906,1477279,982399,486774,4731598,4193325,3570404,3062992,2558708,1947231,1538925,967197,474929,4473991,4098491,3453426,2958336,2460212,1969261,1472778,982532,457801,4462871,4190960,3455848,2953949,2462730,1967563,1453647,976200,486927
1584711,1781937049.1929,4711838,4160862,3517570,3004818,2498836,2005195,1503410,999393,497417,4690895,4246921,3626155,2982502,2470321,1974964,1477260,982399,486812,4731617,4193344,3570404,3063011,2558708,1947231,1538982,967159,474967,4473743,4098510,3453464,2958240,2460193,1969223,1472778,982532,457725,4462852,4190940,3455867,2953930,2462673,1967601,1453590,976181,486888
1584817,1781937049.2991,4711799,4160881,3517665,3004760,2498874,2005176,1503467,999450,497417,4690914,4246940,3626117,2982406,2470340,1975021,1477241,982341,486812,4731407,4193248,3570366,3062935,2558574,1947212,1538982,967121,474967,4473781,4098472,3453502,2958183,2460212,1969204,1472816,982532,457706,4462604,4190979,3455810,2953891,2462616,1967582,1453552,976123,486888
1584917,1781937049.4002,4711723,4160900,3517646,3004875,2498817,2005176,1503391,999488,497398,4691486,4247055,3626136,2982406,2470302,1974964,1477222,982322,486831,4731407,4193172,3570327,3062973,2558574,1947135,1538982,967121,474948,4473858,4098396,3453483,2958068,2460117,1969184,1472797,982494,457706,4462471,4190960,3455734,2953796,2462558,1967563,1453437,976142,486793
1585001,1781937049.5002,4711780,4160881,3517608,3004894,2498760,2005195,1503448,999546,497398,4691601,4247150,3626155,2982330,2470283,1974906,1477241,982379,486888,4731331,4193115,3570346,3062992,2558555,1947097,1538906,967140,474967,4473896,4098339,3453445,2957992,2460060,1969204,1472797,982494,457706,4462490,4190883,3455772,2953834,2462482,1967544,1453418,976142,486793
1585127,1781937049.6102,4711780,4160823,3517589,3004856,2498722,2005119,1503448,999507,497398,4691562,4247150,3626213,2982216,2470264,1974830,1477260,982379,486907,4731273,4193172,3570289,3062973,2558612,1947097,1538925,967159,474967,4473762,4098415,3453464,2958011,2460098,1969184,1472778,982475,457706,4462452,4190788,3455734,2953777,2462444,1967544,1453418,976181,486812
1585249,1781937049.7332,4711742,4160843,3517646,3004837,2498703,2005062,1503429,999527,497436,4690971,4247055,3626232,2982196,2470283,1974830,1477222,982399,486907,4731369,4193172,3570308,3063011,2558651,1947040,1538944,967159,474967,4473629,4098358,3453445,2958011,2460079,1969165,1472740,982456,457687,4462394,4190750,3455619,2953662,2462463,1967487,1453342,976200,486793
1585342,1781937049.8244,4711704,4160823,3517646,3004837,2498664,2005043,1503429,999527,497455,4690132,4246959,3626213,2982216,2470321,1974849,1477241,982360,486888,4731350,4193172,3570289,3063049,2558574,1947021,1538944,967121,474967,4473591,4098243,3453350,2957916,2460117,1969242,1472702,982379,457687,4462337,4190693,3455581,2953662,2462444,1967468,1453304,976181,486774
1585434,1781937049.9172,4711685,4160881,3517665,3004951,2498664,2005004,1503448,999546,497436,4689998,4246807,3626213,2982292,2470340,1974868,1477203,982379,486907,4731292,4193191,3570270,3063068,2558574,1946983,1538906,967140,474929,4473686,4098320,3453407,2957897,2460003,1969165,1472663,982399,457668,4462375,4190673,3455600,2953624,2462387,1967430,1453228,976104,486736
1585549,1781937050.0313,4711723,4160919,3517608,3004913,2498684,2004985,1503448,999565,497417,4690151,4246769,3626251,2982273,2470340,1974906,1477260,982379,486927,4731216,4193096,3570232,3063125,2558536,1947021,1538848,967102,474891,4473610,4098167,3453312,2957840,2459926,1969204,1472644,982418,457668,4462433,4190731,3455581,2953586,2462387,1967449,1453189,976028,486755
1585643,1781937050.1254,4711685,4160862,3517665,3004932,2498741,2004985,1503505,999507,497398,4690208,4246711,3626289,2982292,2470379,1974906,1477184,982456,486927,4731216,4193134,3570213,3063106,2558593,1947116,1538848,967140,474872,4473476,4098148,3453254,2957916,2459888,1969223,1472644,982379,457668,4462375,4190769,3455600,2953548,2462291,1967392,1453208,975914,486698
1585747,1781937050.2286,4711704,4160862,3517627,3004913,2498703,2005004,1503486,999527,497417,4690208,4246731,3626232,2982292,2470379,1974906,1477165,982418,486927,4731235,4193115,3570213,3063087,2558593,1947155,1538829,967178,474872,4473400,4098053,3453197,2957878,2459869,1969204,1472644,982322,457668,4462356,4190769,3455600,2953586,2462291,1967334,1453170,975894,486679
1585834,1781937050.3165,4711761,4160881,3517665,3004989,2498798,2004928,1503467,999507,497360,4690647,4246769,3626289,2982273,2470379,1974926,1477146,982379,486927,4731159,4193134,3570194,3063087,2558574,1947155,1538772,967216,474910,4473400,4098091,3453140,2957840,2459831,1969108,1472587,982341,457611,4462280,4190635,3455581,2953453,2462234,1967296,1453151,975875,486679
1585924,1781937050.4058,4711742,4160823,3517704,3005046,2498760,2004928,1503429,999507,497360,4690971,4246692,3626251,2982254,2470398,1974868,1477108,982379,486927,4731083,4193153,3570194,3063087,2558460,1947174,1538696,967197,474891,4473285,4098053,3453159,2957725,2459755,1969070,1472530,982265,457592,4462394,4190731,3455524,2953453,2462158,1967239,1453113,975933,486660
1586011,1781937050.4935,4711838,4160843,3517685,3005008,2498664,2004909,1503429,999507,497360,4690761,4246692,3626251,2982292,2470359,1974926,1477031,982418,486907,4731064,4193153,3570270,3063125,2558460,1947155,1538677,967235,474910,4473743,4098072,3453159,2957649,2459735,1969070,1472492,982227,457572,4462490,4190750,3455467,2953434,2462101,1967220,1452999,975875,486660
1586096,1781937050.5777,4711952,4160804,3517646,3005046,2498703,2004909,1503448,999488,497360,4691276,4246788,3626194,2982311,2470359,1974964,1476974,982360,486850,4731121,4193210,3570327,3063125,2558479,1947155,1538677,967197,474948,4473972,4098034,3453216,2957668,2459735,1969013,1472435,982246,457553,4462471,4190693,3455448,2953472,2461986,1967163,1452961,975818,486679
1586195,1781937050.6952,4711876,4160804,3517723,3005027,2498684,2004909,1503448,999488,497283,4691276,4246845,3626155,2982273,2470398,1974964,1477031,982341,486850,4731102,4193229,3570366,3062992,2558441,1947174,1538677,967216,474967,4473839,4097900,3453197,2957687,2459678,1969032,1472435,982246,457534,4462452,4190693,3455410,2953453,2461986,1967163,1452922,975799,486679
1586323,1781937050.8052,4711895,4160785,3517723,3005085,2498703,2004928,1503391,999488,497303,4691524,4246883,3626155,2982292,2470436,1974926,1477050,982379,486831,4730911,4193229,3570385,3062992,2558422,1947212,1538772,967197,474910,4473762,4097805,3453197,2957592,2459735,1968994,1472454,982246,457553,4462547,4190712,3455371,2953472,2461986,1967182,1452980,975780,486679
1586413,1781937050.8954,4711933,4160843,3517685,3005066,2498664,2004890,1503410,999527,497264,4690952,4246864,3626175,2982330,2470474,1974887,1477146,982399,486850,4730968,4193306,3570442,3062992,2558498,1947231,1538772,967197,474929,4473419,4097862,3453197,2957592,2459697,1969032,1472530,982246,457572,4462452,4190693,3455352,2953472,2462043,1967201,1452922,975818,486679
1586514,1781937050.9958,4711990,4160823,3517608,3005180,2498664,2004890,1503372,999546,497283,4691086,4246845,3626155,2982330,2470455,1974945,1477108,982418,486812,4731273,4193401,3570366,3062992,2558441,1947155,1538734,967273,474910,4472866,4097976,3453178,2957553,2459621,1968994,1472473,982284,457611,4462509,4190673,3455314,2953491,2462062,1967201,1452922,975780,486679
1586605,1781937051.0870,4711933,4160823,3517627,3005161,2498664,2004890,1503372,999565,497264,4691276,4246845,3626136,2982292,2470455,1974887,1477069,982418,486812,4731445,4193401,3570327,3062992,2558403,1947212,1538715,967254,474853,4472809,4097881,3453140,2957553,2459640,1969013,1472473,982303,457630,4462471,4190616,3455314,2953491,2462101,1967125,1452884,975799,486679
1586697,1781937051.1794,4711914,4160804,3517646,3005123,2498645,2004871,1503353,999527,497264,4690933,4246807,3626175,2982349,2470455,1974906,1477050,982437,486812,4731617,4193363,3570327,3063049,2558384,1947135,1538734,967330,474853,4472599,4097862,3453159,2957534,2459659,1968975,1472473,982265,457630,4462452,4190693,3455200,2953491,2462043,1967144,1452922,975742,486660
